"0","devtools::install_github(""tidyverse/dplyr"")"
"2","Downloading GitHub repo tidyverse/dplyr@HEAD
"
"2","Installing 2 packages: tidyselect, generics
"
"2","Installing packages into â€˜/Users/Project/R/TIDYVERSE/TIDYVERSE/renv/library/R-4.3/aarch64-apple-darwin20â€™
(as â€˜libâ€™ is unspecified)
"
"2","trying URL 'https://cloud.r-project.org/bin/macosx/big-sur-arm64/contrib/4.3/tidyselect_1.2.0.tgz'
"
"2","Content type 'application/x-gzip'"
"2"," length 222290 bytes (217 KB)
"
"2","="
"2","="
"2","="
"2","="
"2","="
"2","="
"2","="
"2","="
"2","="
"2","="
"2","="
"2","="
"2","="
"2","="
"2","="
"2","="
"2","="
"2","="
"2","="
"2","="
"2","="
"2","="
"2","="
"2","="
"2","="
"2","="
"2","="
"2","="
"2","="
"2","="
"2","="
"2","="
"2","="
"2","="
"2","="
"2","="
"2","="
"2","="
"2","="
"2","="
"2","="
"2","="
"2","="
"2","="
"2","="
"2","="
"2","="
"2","="
"2","="
"2","="
"2","
"
"2","downloaded 217 KB

"
"2","trying URL 'https://cloud.r-project.org/bin/macosx/big-sur-arm64/contrib/4.3/generics_0.1.3.tgz'
"
"2","Content type 'application/x-gzip'"
"2"," length 79697 bytes (77 KB)
"
"2","="
"2","="
"2","="
"2","="
"2","="
"2","="
"2","="
"2","="
"2","="
"2","="
"2","="
"2","="
"2","="
"2","="
"2","="
"2","="
"2","="
"2","="
"2","="
"2","="
"2","="
"2","="
"2","="
"2","="
"2","="
"2","="
"2","="
"2","="
"2","="
"2","="
"2","="
"2","="
"2","="
"2","="
"2","="
"2","="
"2","="
"2","="
"2","="
"2","="
"2","="
"2","="
"2","="
"2","="
"2","="
"2","="
"2","="
"2","="
"2","="
"2","="
"2","
"
"2","downloaded 77 KB

"
"1","
"
"1",""
"1","The downloaded binary packages are in
	/var/folders/3z/21ql91ls6jq04h6hytrb5tfm0000gn/T//RtmpMXSZEu/downloaded_packages"
"1",""
"1","
"
"2","Warning: incomplete final line found on '/Users/geqianqian/.R/Makevars'"
"1","[36mâ”€â”€[39m [36mR CMD build[39m [36mâ”€â”€â”€â”€â”€â”€â”€â”€â”€â”€â”€â”€â”€â”€â”€â”€â”€â”€â”€â”€â”€â”€â”€â”€â”€â”€â”€â”€â”€â”€â”€â”€â”€â”€â”€â”€â”€â”€â”€â”€â”€â”€[39m"
"1",""
"1","
"
"1","  "
"1","   checking for file â€˜/private/var/folders/3z/21ql91ls6jq04h6hytrb5tfm0000gn/T/RtmpMXSZEu/remotesd7b59cced56/tidyverse-dplyr-7374271/DESCRIPTIONâ€™ ..."
"1",""
"1",""
"1","  "
"1","[32mâœ”[39m  [38;5;247mchecking for file â€˜/private/var/folders/3z/21ql91ls6jq04h6hytrb5tfm0000gn/T/RtmpMXSZEu/remotesd7b59cced56/tidyverse-dplyr-7374271/DESCRIPTIONâ€™[39m[36m[39m"
"1",""
"1","
"
"1",""
"1",""
"1",""
"1","  "
"1","[38;5;247mâ”€[39m[38;5;247m  [39m[38;5;247mpreparing â€˜dplyrâ€™:[39m[36m[39m"
"1",""
"1","
"
"1","   checking DESCRIPTION meta-information ..."
"1",""
"1",""
"1","  "
"1","[32mâœ”[39m  [38;5;247mchecking DESCRIPTION meta-information[39m[36m[39m"
"1",""
"1","
"
"1",""
"1",""
"1",""
"1","  "
"1","[38;5;247mâ”€[39m[38;5;247m  [39m[38;5;247mcleaning src[39m[36m[39m"
"1",""
"1","
"
"1",""
"1",""
"1",""
"1","  "
"1","[38;5;247mâ”€[39m[38;5;247m  [39m[38;5;247minstalling the package to process help pages[39m[36m[39m"
"1",""
"1","
"
"1",""
"1",""
"1",""
"1","  "
"1","[38;5;247mâ”€[39m[38;5;247m  [39m[38;5;247mcleaning src[39m[36m[36m (5.9s)[36m[39m"
"1",""
"1","
"
"1",""
"1",""
"1",""
"1","  "
"1","[38;5;247mâ”€[39m[38;5;247m  [39m[38;5;247mchecking for LF line-endings in source and make files and shell scripts[39m[36m[39m"
"1",""
"1","
"
"1",""
"1",""
"1",""
"1","  "
"1","[38;5;247mâ”€[39m[38;5;247m  [39m[38;5;247mchecking for empty or unneeded directories[39m[36m[39m"
"1",""
"1","
"
"1",""
"1",""
"1",""
"1","  "
"1","   Removed empty directory â€˜dplyr/instâ€™"
"1",""
"1","
"
"1",""
"1",""
"1",""
"1","  "
"1","[38;5;247mâ”€[39m[38;5;247m  [39m[38;5;247mbuilding â€˜dplyr_1.1.3.9000.tar.gzâ€™[39m[36m[39m"
"1",""
"1","
"
"1",""
"1",""
"1",""
"1","  "
"1","   "
"1",""
"1","
"
"1",""
"1",""
"1",""
"2","Installing package into â€˜/Users/Project/R/TIDYVERSE/TIDYVERSE/renv/library/R-4.3/aarch64-apple-darwin20â€™
(as â€˜libâ€™ is unspecified)
"
"2","* installing *source* package â€˜dplyrâ€™ ...
"
"2","** using staged installation
"
"2","** libs
"
"2","using C++ compiler: â€˜Apple clang version 14.0.3 (clang-1403.0.22.14.1)â€™
"
"2","using SDK: â€˜MacOSX13.3.sdkâ€™
"
"1","clang++ -arch arm64 -std=gnu++17 -I""/Library/Frameworks/R.framework/Resources/include"" -DNDEBUG   -I/opt/R/arm64/include    -fPIC  -falign-functions=64 -Wall -g -O2  -c chop.cpp -o chop.o
"
"1","clang++ -arch arm64 -std=gnu++17 -I""/Library/Frameworks/R.framework/Resources/include"" -DNDEBUG   -I/opt/R/arm64/include    -fPIC  -falign-functions=64 -Wall -g -O2  -c filter.cpp -o filter.o
"
"1","clang++ -arch arm64 -std=gnu++17 -I""/Library/Frameworks/R.framework/Resources/include"" -DNDEBUG   -I/opt/R/arm64/include    -fPIC  -falign-functions=64 -Wall -g -O2  -c funs.cpp -o funs.o
"
"1","clang++ -arch arm64 -std=gnu++17 -I""/Library/Frameworks/R.framework/Resources/include"" -DNDEBUG   -I/opt/R/arm64/include    -fPIC  -falign-functions=64 -Wall -g -O2  -c group_by.cpp -o group_by.o
"
"1","clang++ -arch arm64 -std=gnu++17 -I""/Library/Frameworks/R.framework/Resources/include"" -DNDEBUG   -I/opt/R/arm64/include    -fPIC  -falign-functions=64 -Wall -g -O2  -c group_data.cpp -o group_data.o
"
"1","clang++ -arch arm64 -std=gnu++17 -I""/Library/Frameworks/R.framework/Resources/include"" -DNDEBUG   -I/opt/R/arm64/include    -fPIC  -falign-functions=64 -Wall -g -O2  -c imports.cpp -o imports.o
"
"1","clang++ -arch arm64 -std=gnu++17 -I""/Library/Frameworks/R.framework/Resources/include"" -DNDEBUG   -I/opt/R/arm64/include    -fPIC  -falign-functions=64 -Wall -g -O2  -c init.cpp -o init.o
"
"1","clang++ -arch arm64 -std=gnu++17 -I""/Library/Frameworks/R.framework/Resources/include"" -DNDEBUG   -I/opt/R/arm64/include    -fPIC  -falign-functions=64 -Wall -g -O2  -c mask.cpp -o mask.o
"
"1","clang++ -arch arm64 -std=gnu++17 -I""/Library/Frameworks/R.framework/Resources/include"" -DNDEBUG   -I/opt/R/arm64/include    -fPIC  -falign-functions=64 -Wall -g -O2  -c mutate.cpp -o mutate.o
"
"1","clang++ -arch arm64 -std=gnu++17 -I""/Library/Frameworks/R.framework/Resources/include"" -DNDEBUG   -I/opt/R/arm64/include    -fPIC  -falign-functions=64 -Wall -g -O2  -c slice.cpp -o slice.o
"
"1","clang++ -arch arm64 -std=gnu++17 -I""/Library/Frameworks/R.framework/Resources/include"" -DNDEBUG   -I/opt/R/arm64/include    -fPIC  -falign-functions=64 -Wall -g -O2  -c summarise.cpp -o summarise.o
"
"1","clang++ -arch arm64 -std=gnu++17 -dynamiclib -Wl,-headerpad_max_install_names -undefined dynamic_lookup -single_module -multiply_defined suppress -L/Library/Frameworks/R.framework/Resources/lib -L/opt/R/arm64/lib -o dplyr.so chop.o filter.o funs.o group_by.o group_data.o imports.o init.o mask.o mutate.o slice.o summarise.o -F/Library/Frameworks/R.framework/.. -framework R -Wl,-framework -Wl,CoreFoundation
"
"2","installing to /Users/Project/R/TIDYVERSE/TIDYVERSE/renv/library/R-4.3/aarch64-apple-darwin20/00LOCK-dplyr/00new/dplyr/libs
"
"2","** R
"
"2","** data
"
"2","*** moving datasets to lazyload DB
"
"2","** byte-compile and prepare package for lazy loading
"
"2","** help
"
"2","*** installing help indices
"
"2","*** copying figures
"
"2","** building package indices
"
"2","** installing vignettes
"
"2","** testing if installed package can be loaded from temporary location
"
"2","** checking absolute paths in shared objects and dynamic libraries
"
"2","** testing if installed package can be loaded from final location
"
"2","** testing if installed package keeps a record of temporary installation path
"
"2","* DONE (dplyr)
"
